8,668774009;LevelDB
13,2651;LevelDB
16,51827499;LevelDB
8,081189007;LevelDB
12,423778;LevelDB
30,88703501;LevelDB
7,718225002;LevelDB
7,952711999;LevelDB
8,151407003;LevelDB
17,32640502;LevelDB
16,01320001;LevelDB
24,54623899;LevelDB
32,01675799;LevelDB
36,60194802;LevelDB
23,74237302;LevelDB
7,414182991;LevelDB
25,83668798;LevelDB
6,567157;LevelDB
6,637953997;LevelDB
18,056631;LevelDB
7,228378028;LevelDB
6,851984978;LevelDB
6,866972983;LevelDB
6,604575992;LevelDB
12,24504101;LevelDB
6,535914987;LevelDB
17,915548;LevelDB
6,392528027;LevelDB
6,443857014;LevelDB
6,912559003;LevelDB
16,633039;LevelDB
16,39159;LevelDB
20,32833898;LevelDB
8,166761994;LevelDB
6,470954984;LevelDB
11,02439401;LevelDB
5,68897602;LevelDB
9,288560003;LevelDB
7,249503016;LevelDB
6,28274101;LevelDB
8,886534005;LevelDB
10,70301601;LevelDB
7,920087993;LevelDB
11,91474599;LevelDB
6,120664984;LevelDB
7,202062011;LevelDB
6,837406993;LevelDB
5,90120101;LevelDB
6,234900028;LevelDB
17,98349801;LevelDB
6,23409;LevelDB
17,13714701;LevelDB
7,845337987;LevelDB
6,429749995;LevelDB
5,520873994;LevelDB
6,238735974;LevelDB
8,933672994;LevelDB
5,755080998;LevelDB
7,915935993;LevelDB
5,634352982;LevelDB
7,542053998;LevelDB
6,923965991;LevelDB
31,55429497;LevelDB
5,611129999;LevelDB
9,724112004;LevelDB
9,196031988;LevelDB
5,38884601;LevelDB
7,072016001;LevelDB
5,923054993;LevelDB
5,332076013;LevelDB
6,403834999;LevelDB
5,262820005;LevelDB
7,186913997;LevelDB
7,826974005;LevelDB
7,878091991;LevelDB
7,20619601;LevelDB
4,94362399;LevelDB
5,266149014;LevelDB
5,578810006;LevelDB
5,28520602;LevelDB
5,330394983;LevelDB
5,035002977;LevelDB
8,982189;LevelDB
5,917580992;LevelDB
6,712846994;LevelDB
4,975032985;LevelDB
5,266259998;LevelDB
4,978384018;LevelDB
4,976600021;LevelDB
9,061858982;LevelDB
5,679112971;LevelDB
5,071155995;LevelDB
5,072438002;LevelDB
62,89247799;LevelDB
4,953094006;LevelDB
12,128943;LevelDB
16,907987;LevelDB
13,27092201;LevelDB
5,650522977;LevelDB
17,347655;LevelDB
4,825322002;LevelDB
6,322586;LevelDB
4,764678001;LevelDB
5,272660017;LevelDB
5,082482994;LevelDB
8,097151011;LevelDB
5,553490996;LevelDB
4,981681019;LevelDB
15,502978;LevelDB
5,299149007;LevelDB
5,509833008;LevelDB
5,972234011;LevelDB
5,580324978;LevelDB
5,853691995;LevelDB
4,937361985;LevelDB
5,207322985;LevelDB
7,611924022;LevelDB
10,46774599;LevelDB
5,32457599;LevelDB
5,06189701;LevelDB
6,368717998;LevelDB
5,055009007;LevelDB
7,828047991;LevelDB
6,339222997;LevelDB
5,120224983;LevelDB
5,029828012;LevelDB
17,62105101;LevelDB
5,739753008;LevelDB
7,749294996;LevelDB
5,467572987;LevelDB
5,271001995;LevelDB
5,599537998;LevelDB
5,035485983;LevelDB
5,496727973;LevelDB
4,826541007;LevelDB
5,240790009;LevelDB
5,596875995;LevelDB
5,923315018;LevelDB
6,044391006;LevelDB
5,859345019;LevelDB
7,921321988;LevelDB
7,631033987;LevelDB
5,301214993;LevelDB
9,44252798;LevelDB
5,22162199;LevelDB
4,596399009;LevelDB
5,535728991;LevelDB
12,113857;LevelDB
5,270610005;LevelDB
5,017224997;LevelDB
5,290362;LevelDB
5,141966015;LevelDB
5,274693996;LevelDB
6,384667009;LevelDB
6,441541016;LevelDB
5,36056;LevelDB
4,955404997;LevelDB
5,409729004;LevelDB
5,101536006;LevelDB
5,575737983;LevelDB
5,252949983;LevelDB
5,328630984;LevelDB
8,155002981;LevelDB
5,091636986;LevelDB
11,41471601;LevelDB
7,11927101;LevelDB
4,829648018;LevelDB
6,256866992;LevelDB
4,598121017;LevelDB
4,577419996;LevelDB
11,253335;LevelDB
4,754078001;LevelDB
10,45115;LevelDB
4,784033984;LevelDB
5,803360015;LevelDB
6,28481999;LevelDB
5,385553986;LevelDB
4,846913993;LevelDB
5,004918993;LevelDB
4,819793999;LevelDB
4,854360014;LevelDB
12,41988102;LevelDB
5,276944995;LevelDB
7,178389996;LevelDB
6,982259989;LevelDB
6,628205001;LevelDB
5,116479009;LevelDB
4,928460002;LevelDB
5,275895;LevelDB
4,69144699;LevelDB
5,516377985;LevelDB
6,467121005;LevelDB
5,217109025;LevelDB
4,924329013;LevelDB
6,848815024;LevelDB
4,862741023;LevelDB
8,869195998;LevelDB
5,391171992;LevelDB
5,810702026;LevelDB
4,777601004;LevelDB
5,422000021;LevelDB
5,113022;LevelDB
19,45872501;LevelDB
9,045110017;LevelDB
4,81577301;LevelDB
4,583716005;LevelDB
10,97813898;LevelDB
8,588029981;LevelDB
5,079679996;LevelDB
5,424347997;LevelDB
5,35115099;LevelDB
5,404159993;LevelDB
10,32643798;LevelDB
5,301008999;LevelDB
4,553957999;LevelDB
6,063758999;LevelDB
4,562103987;LevelDB
5,973422021;LevelDB
4,845982999;LevelDB
4,855149001;LevelDB
4,582385987;LevelDB
4,584677994;LevelDB
4,52343899;LevelDB
5,043761998;LevelDB
37,31726399;LevelDB
10,12697297;LevelDB
4,79262501;LevelDB
5,140875012;LevelDB
4,651968986;LevelDB
7,664914995;LevelDB
4,613449007;LevelDB
5,536029011;LevelDB
4,515262991;LevelDB
5,341753006;LevelDB
5,918462008;LevelDB
5,028109014;LevelDB
4,681593001;LevelDB
5,289896011;LevelDB
5,329763979;LevelDB
5,157257974;LevelDB
5,201873004;LevelDB
9,532665998;LevelDB
35,26259899;LevelDB
5,019167006;LevelDB
6,524964005;LevelDB
4,489529014;LevelDB
5,184377998;LevelDB
6,312671006;LevelDB
5,012706012;LevelDB
6,118137002;LevelDB
4,758287996;LevelDB
7,903515011;LevelDB
5,080604017;LevelDB
6,186517984;LevelDB
10,18452099;LevelDB
5,170603991;LevelDB
5,231283009;LevelDB
6,005924016;LevelDB
5,861788988;LevelDB
5,259787977;LevelDB
5,371002018;LevelDB
5,352169007;LevelDB
5,110711008;LevelDB
14,850236;LevelDB
5,955345988;LevelDB
4,705469012;LevelDB
6,691181004;LevelDB
5,349275976;LevelDB
5,130697995;LevelDB
5,217543006;LevelDB
5,613810003;LevelDB
5,778485;LevelDB
7,228289992;LevelDB
4,589656025;LevelDB
7,25129199;LevelDB
5,349539012;LevelDB
5,052026004;LevelDB
5,164759994;LevelDB
5,588762015;LevelDB
8,419126004;LevelDB
4,793513983;LevelDB
6,617205977;LevelDB
4,329228997;LevelDB
5,249823004;LevelDB
19,810572;LevelDB
5,655601978;LevelDB
4,720658988;LevelDB
5,443818003;LevelDB
4,944889009;LevelDB
5,471929014;LevelDB
4,81476;LevelDB
4,752194017;LevelDB
4,746698022;LevelDB
4,562525004;LevelDB
5,716224998;LevelDB
4,614713013;LevelDB
9,485388011;LevelDB
5,201756001;LevelDB
5,136311978;LevelDB
5,220600009;LevelDB
5,069205016;LevelDB
4,784966022;LevelDB
4,980768979;LevelDB
5,349676013;LevelDB
4,997236997;LevelDB
4,980455011;LevelDB
5,049768984;LevelDB
4,474682987;LevelDB
4,775707006;LevelDB
14,738341;LevelDB
5,653708994;LevelDB
5,967393994;LevelDB
33,58437499;LevelDB
5,496710986;LevelDB
5,851419002;LevelDB
5,431874007;LevelDB
5,464322984;LevelDB
4,68502301;LevelDB
5,526193976;LevelDB
4,785614997;LevelDB
7,829358995;LevelDB
5,562482983;LevelDB
5,007052004;LevelDB
4,764093995;LevelDB
6,375308007;LevelDB
5,117651016;LevelDB
5,073339999;LevelDB
4,838716984;LevelDB
6,126076996;LevelDB
5,750847012;LevelDB
4,837788999;LevelDB
5,529424995;LevelDB
7,219280005;LevelDB
17,75770903;LevelDB
5,637374997;LevelDB
5,908598989;LevelDB
4,816610992;LevelDB
5,345870018;LevelDB
4,622673005;LevelDB
4,951171994;LevelDB
4,938192993;LevelDB
5,733942986;LevelDB
5,083837003;LevelDB
4,77630499;LevelDB
4,564613014;LevelDB
5,251163989;LevelDB
5,331877023;LevelDB
4,990613997;LevelDB
6,236591011;LevelDB
5,088659018;LevelDB
5,362886995;LevelDB
6,000901997;LevelDB
5,133881003;LevelDB
4,78489399;LevelDB
5,128407001;LevelDB
5,478852004;LevelDB
5,855821013;LevelDB
5,108494014;LevelDB
5,180453002;LevelDB
15,29236299;LevelDB
5,137832999;LevelDB
5,136391014;LevelDB
5,643759012;LevelDB
5,384464025;LevelDB
5,326038003;LevelDB
5,380244017;LevelDB
5,191855997;LevelDB
20,537025;LevelDB
5,603767008;LevelDB
5,540302008;LevelDB
4,910100996;LevelDB
5,035163999;LevelDB
16,78142202;LevelDB
6,146741986;LevelDB
6,976727992;LevelDB
5,552285999;LevelDB
4,657420009;LevelDB
5,655923009;LevelDB
4,834546983;LevelDB
36,51988599;LevelDB
26,02071899;LevelDB
16,745116;LevelDB
6,337253004;LevelDB
10,76671401;LevelDB
7,300384998;LevelDB
7,232852012;LevelDB
5,651093006;LevelDB
5,592973977;LevelDB
6,836421996;LevelDB
18,26056701;LevelDB
5,362723023;LevelDB
4,674526989;LevelDB
4,958009988;LevelDB
4,84097299;LevelDB
6,742047012;LevelDB
4,986474991;LevelDB
28,44268301;LevelDB
4,749817997;LevelDB
5,01571998;LevelDB
7,146616995;LevelDB
6,068442017;LevelDB
5,168228;LevelDB
7,356945008;LevelDB
9,509772003;LevelDB
5,379512995;LevelDB
5,144371986;LevelDB
4,962366998;LevelDB
5,562700003;LevelDB
5,295143992;LevelDB
4,87600702;LevelDB
5,452886015;LevelDB
6,213981003;LevelDB
5,411276013;LevelDB
9,990568995;LevelDB
5,560360998;LevelDB
5,342441022;LevelDB
5,228729993;LevelDB
5,028236002;LevelDB
5,116905004;LevelDB
5,915370017;LevelDB
5,040354997;LevelDB
6,383472025;LevelDB
11,30378601;LevelDB
4,962130994;LevelDB
4,804965973;LevelDB
7,275460005;LevelDB
4,785575002;LevelDB
5,192276001;LevelDB
4,692770004;LevelDB
4,459806979;LevelDB
6,342532992;LevelDB
5,601698011;LevelDB
4,684129;LevelDB
8,693024993;LevelDB
4,89271;LevelDB
5,227166027;LevelDB
4,91080299;LevelDB
5,144171983;LevelDB
4,526784986;LevelDB
4,505107999;LevelDB
7,220515013;LevelDB
7,525555998;LevelDB
5,855282992;LevelDB
6,23567301;LevelDB
5,605672985;LevelDB
4,985570997;LevelDB
9,659444004;LevelDB
4,746760994;LevelDB
9,852488995;LevelDB
5,426542997;LevelDB
5,330150992;LevelDB
6,690618008;LevelDB
4,651870996;LevelDB
4,544461995;LevelDB
4,668266028;LevelDB
5,746906012;LevelDB
5,033070982;LevelDB
10,15092501;LevelDB
5,458052009;LevelDB
5,353549987;LevelDB
4,949698001;LevelDB
5,046944022;LevelDB
10,80243501;LevelDB
5,777047008;LevelDB
7,625673026;LevelDB
4,714876026;LevelDB
9,435505003;LevelDB
4,748558998;LevelDB
6,113468021;LevelDB
5,142197996;LevelDB
5,066034019;LevelDB
5,698477;LevelDB
6,600140989;LevelDB
7,159456998;LevelDB
4,514072001;LevelDB
4,950886995;LevelDB
8,914223015;LevelDB
5,019536018;LevelDB
4,685016006;LevelDB
6,333941013;LevelDB
4,686614007;LevelDB
10,94628999;LevelDB
5,017701983;LevelDB
4,633014977;LevelDB
5,621538013;LevelDB
4,985058993;LevelDB
5,12075001;LevelDB
4,666051;LevelDB
4,743735015;LevelDB
5,746118993;LevelDB
4,738150001;LevelDB
5,424005002;LevelDB
4,98990798;LevelDB
4,786354005;LevelDB
4,536150992;LevelDB
5,656162977;LevelDB
4,920744985;LevelDB
9,925969988;LevelDB
5,156051993;LevelDB
5,216506004;LevelDB
4,843089014;LevelDB
4,953576982;LevelDB
4,676687002;LevelDB
4,634702981;LevelDB
4,673727006;LevelDB
5,268032998;LevelDB
5,080443978;LevelDB
4,175067008;LevelDB
6,390933007;LevelDB
4,475306004;LevelDB
5,028721988;LevelDB
4,382647991;LevelDB
15,96664301;LevelDB
4,753216982;LevelDB
6,94341898;LevelDB
4,344417989;LevelDB
5,496753007;LevelDB
4,706259012;LevelDB
4,316022992;LevelDB
6,877602011;LevelDB
4,378222018;LevelDB
4,616023004;LevelDB
4,606038004;LevelDB
4,450700015;LevelDB
5,809623003;LevelDB
5,037995994;LevelDB
4,766050011;LevelDB
4,769380003;LevelDB
4,89676699;LevelDB
4,770686001;LevelDB
6,322063982;LevelDB
5,195423007;LevelDB
5,252903014;LevelDB
12,176379;LevelDB
23,778332;LevelDB
4,605671018;LevelDB
4,747500986;LevelDB
6,328428;LevelDB
4,309810996;LevelDB
4,475636005;LevelDB
4,824019998;LevelDB
5,488855988;LevelDB
4,932268977;LevelDB
5,011536002;LevelDB
18,05298901;LevelDB
5,436399996;LevelDB
4,954187006;LevelDB
7,880355;LevelDB
5,195122004;LevelDB
4,248083979;LevelDB
5,006267011;LevelDB
6,094612002;LevelDB
5,387195021;LevelDB
4,738660991;LevelDB
5,955457002;LevelDB
4,346096992;LevelDB
4,478451997;LevelDB
7,165113002;LevelDB
4,547609985;LevelDB
4,463835001;LevelDB
5,664356023;LevelDB
4,823105991;LevelDB
4,828382999;LevelDB
5,46054402;LevelDB
5,060759008;LevelDB
5,766681999;LevelDB
7,153290987;LevelDB
4,781468004;LevelDB
5,144589007;LevelDB
4,729763001;LevelDB
9,46765101;LevelDB
4,41524601;LevelDB
5,726759017;LevelDB
4,510165989;LevelDB
5,102325976;LevelDB
5,475217998;LevelDB
5,787497997;LevelDB
4,482257992;LevelDB
5,817772001;LevelDB
11,05374601;LevelDB
26,964775;LevelDB
4,695150018;LevelDB
5,621699989;LevelDB
4,423127025;LevelDB
4,589067012;LevelDB
7,047639996;LevelDB
5,155158997;LevelDB
19,43025202;LevelDB
4,994745016;LevelDB
4,852225006;LevelDB
5,067882001;LevelDB
5,71320498;LevelDB
20,069195;LevelDB
4,840442985;LevelDB
4,640724003;LevelDB
4,638460994;LevelDB
4,661872;LevelDB
7,585655987;LevelDB
5,38922298;LevelDB
4,321419001;LevelDB
5,373095989;LevelDB
4,506835997;LevelDB
6,408197999;LevelDB
4,818314016;LevelDB
6,047924995;LevelDB
5,45273301;LevelDB
4,505080998;LevelDB
8,762423992;LevelDB
4,715360999;LevelDB
6,22053802;LevelDB
4,523877025;LevelDB
4,44550401;LevelDB
4,862008989;LevelDB
4,84652999;LevelDB
5,163695991;LevelDB
5,093239009;LevelDB
4,900092989;LevelDB
4,865352005;LevelDB
4,725351989;LevelDB
4,352266997;LevelDB
4,621704012;LevelDB
4,727491021;LevelDB
4,722038001;LevelDB
4,782091022;LevelDB
4,514747024;LevelDB
7,343113005;LevelDB
5,712999016;LevelDB
4,773503989;LevelDB
4,991409987;LevelDB
4,769423991;LevelDB
5,58574599;LevelDB
5,715270996;LevelDB
4,382097989;LevelDB
4,65219;LevelDB
8,624015003;LevelDB
5,046682;LevelDB
4,50532198;LevelDB
9,594469994;LevelDB
6,500843018;LevelDB
4,710705012;LevelDB
5,015360028;LevelDB
4,882120997;LevelDB
5,019095987;LevelDB
5,151861995;LevelDB
16,488585;LevelDB
5,436747998;LevelDB
4,509095013;LevelDB
4,922688991;LevelDB
4,941783011;LevelDB
4,707237005;LevelDB
4,485406995;LevelDB
4,586701989;LevelDB
4,55735299;LevelDB
4,737576008;LevelDB
4,50335899;LevelDB
5,594290018;LevelDB
4,028863996;LevelDB
6,175166994;LevelDB
4,399586976;LevelDB
4,835697979;LevelDB
4,788886994;LevelDB
4,846235007;LevelDB
4,660803974;LevelDB
4,285491019;LevelDB
5,510508001;LevelDB
5,291072994;LevelDB
4,835004002;LevelDB
4,369524986;LevelDB
5,795231014;LevelDB
4,888427019;LevelDB
6,593685001;LevelDB
4,338638008;LevelDB
4,336352021;LevelDB
5,69026801;LevelDB
6,008819997;LevelDB
4,206772;LevelDB
5,443569005;LevelDB
4,728771001;LevelDB
5,105114013;LevelDB
5,770215988;LevelDB
4,558043987;LevelDB
4,521231025;LevelDB
6,113579005;LevelDB
4,192732006;LevelDB
4,442826003;LevelDB
4,490726978;LevelDB
5,000741005;LevelDB
4,719294995;LevelDB
5,02086398;LevelDB
4,879612029;LevelDB
5,310386002;LevelDB
5,659352988;LevelDB
5,23179099;LevelDB
4,629223019;LevelDB
5,301798016;LevelDB
5,45995;LevelDB
4,872783989;LevelDB
9,680529028;LevelDB
4,720256984;LevelDB
4,300668001;LevelDB
4,029695988;LevelDB
4,820031017;LevelDB
4,321347982;LevelDB
4,999231994;LevelDB
4,412652999;LevelDB
5,160378993;LevelDB
25,82465199;LevelDB
4,706513017;LevelDB
5,091109991;LevelDB
8,075051993;LevelDB
7,584976017;LevelDB
4,744796008;LevelDB
4,733381003;LevelDB
8,60326001;LevelDB
4,807283014;LevelDB
7,057583004;LevelDB
5,034446985;LevelDB
5,140582979;LevelDB
4,655196011;LevelDB
7,230674982;LevelDB
5,063425004;LevelDB
4,495608002;LevelDB
4,819398999;LevelDB
8,370696008;LevelDB
5,699396998;LevelDB
5,911855012;LevelDB
5,431916982;LevelDB
4,924456;LevelDB
16,18512499;LevelDB
5,450593978;LevelDB
17,71078202;LevelDB
4,664081007;LevelDB
4,556319982;LevelDB
4,961526006;LevelDB
4,701343;LevelDB
5,652343005;LevelDB
4,905983001;LevelDB
4,766297996;LevelDB
5,729847997;LevelDB
4,273900986;LevelDB
9,603441;LevelDB
6,559327006;LevelDB
5,130410999;LevelDB
4,647735983;LevelDB
4,703128994;LevelDB
4,872677982;LevelDB
5,043537974;LevelDB
4,519957989;LevelDB
5,896013975;LevelDB
4,740540981;LevelDB
4,442115009;LevelDB
4,851746976;LevelDB
19,888556;LevelDB
4,751451999;LevelDB
4,490833014;LevelDB
4,099491984;LevelDB
4,816177011;LevelDB
4,908076972;LevelDB
4,634840012;LevelDB
5,99672702;LevelDB
4,982336998;LevelDB
4,521497995;LevelDB
11,156176;LevelDB
5,469848007;LevelDB
7,348327994;LevelDB
4,624808013;LevelDB
4,851785004;LevelDB
4,983520001;LevelDB
5,542448997;LevelDB
5,221626997;LevelDB
4,756489992;LevelDB
5,102629006;LevelDB
4,958254993;LevelDB
6,199478;LevelDB
4,781731993;LevelDB
19,574368;LevelDB
5,123870999;LevelDB
4,777957022;LevelDB
5,165680021;LevelDB
5,273070008;LevelDB
5,036445975;LevelDB
5,432994992;LevelDB
4,552768975;LevelDB
4,09047401;LevelDB
5,166076988;LevelDB
4,791310012;LevelDB
4,923568994;LevelDB
5,732136995;LevelDB
4,833832979;LevelDB
4,617603004;LevelDB
4,684101999;LevelDB
4,860009998;LevelDB
4,984761;LevelDB
5,257170022;LevelDB
9,922746003;LevelDB
4,436028987;LevelDB
4,449137002;LevelDB
4,448035985;LevelDB
4,556726992;LevelDB
4,788527012;LevelDB
5,506115019;LevelDB
4,161823004;LevelDB
8,966607988;LevelDB
4,213537008;LevelDB
5,690784991;LevelDB
4,765761018;LevelDB
5,994911999;LevelDB
5,500393003;LevelDB
4,109818995;LevelDB
5,726619005;LevelDB
4,486182988;LevelDB
5,005877018;LevelDB
4,731224;LevelDB
5,049198002;LevelDB
5,041397989;LevelDB
4,655449003;LevelDB
5,708622992;LevelDB
4,503170013;LevelDB
4,509526014;LevelDB
5,764582992;LevelDB
5,016645998;LevelDB
7,307911992;LevelDB
4,891120017;LevelDB
4,792771995;LevelDB
4,804080009;LevelDB
4,262654006;LevelDB
5,352901012;LevelDB
5,577583998;LevelDB
8,34700802;LevelDB
4,947301;LevelDB
29,42415097;LevelDB
4,753645003;LevelDB
4,569344014;LevelDB
5,016568005;LevelDB
4,928618014;LevelDB
5,215606004;LevelDB
4,407240003;LevelDB
6,291804999;LevelDB
5,033369005;LevelDB
4,921811014;LevelDB
4,140931994;LevelDB
5,221046001;LevelDB
4,923360974;LevelDB
5,662081003;LevelDB
5,179258019;LevelDB
6,091829002;LevelDB
4,402451992;LevelDB
4,582026005;LevelDB
5,916182995;LevelDB
5,252200991;LevelDB
5,187627017;LevelDB
5,006794989;LevelDB
4,27599299;LevelDB
4,924735993;LevelDB
5,022908002;LevelDB
6,74871099;LevelDB
4,851617992;LevelDB
7,203503996;LevelDB
5,436370999;LevelDB
4,515094995;LevelDB
5,235229999;LevelDB
6,29075402;LevelDB
5,723215997;LevelDB
8,920394003;LevelDB
4,598177999;LevelDB
4,154419005;LevelDB
15,445903;LevelDB
5,387178004;LevelDB
4,697334021;LevelDB
5,623546988;LevelDB
5,911238015;LevelDB
5,775467008;LevelDB
4,491187006;LevelDB
6,197499007;LevelDB
4,973010987;LevelDB
4,755497009;LevelDB
5,245927989;LevelDB
4,62609899;LevelDB
4,932801992;LevelDB
5,14694798;LevelDB
4,589437008;LevelDB
4,754771024;LevelDB
5,106348991;LevelDB
5,281512022;LevelDB
4,286105007;LevelDB
5,031273007;LevelDB
7,991384;LevelDB
4,599489987;LevelDB
4,224470973;LevelDB
5,116290003;LevelDB
4,803301007;LevelDB
4,754078001;LevelDB
31,71081799;LevelDB
4,702066004;LevelDB
5,819509;LevelDB
4,750476003;LevelDB
4,380450994;LevelDB
7,066899985;LevelDB
5,196170002;LevelDB
4,859055996;LevelDB
4,290404975;LevelDB
4,94411701;LevelDB
4,538593978;LevelDB
9,941310018;LevelDB
4,632129997;LevelDB
5,046169996;LevelDB
4,629777998;LevelDB
4,723257005;LevelDB
4,275716007;LevelDB
5,340549022;LevelDB
4,350947022;LevelDB
5,424733996;LevelDB
4,696270019;LevelDB
4,268155992;LevelDB
4,707910985;LevelDB
4,844861984;LevelDB
5,576810002;LevelDB
5,752866;LevelDB
4,926845998;LevelDB
4,882573992;LevelDB
5,295570999;LevelDB
5,132108003;LevelDB
5,939752996;LevelDB
4,837825;LevelDB
4,558403999;LevelDB
4,809447974;LevelDB
4,931533992;LevelDB
4,601407021;LevelDB
5,493255973;LevelDB
5,346483022;LevelDB
4,386875004;LevelDB
7,014616996;LevelDB
10,77845898;LevelDB
5,412270993;LevelDB
28,63474;LevelDB
4,608126998;LevelDB
5,473363012;LevelDB
4,618698001;LevelDB
4,153867006;LevelDB
6,971352994;LevelDB
6,108167022;LevelDB
4,971085012;LevelDB
5,183777004;LevelDB
5,242982984;LevelDB
4,660299987;LevelDB
4,729391992;LevelDB
4,899800986;LevelDB
5,055149019;LevelDB
6,061222017;LevelDB
9,806237012;LevelDB
4,262324005;LevelDB
4,838707;LevelDB
4,434203982;LevelDB
4,613897979;LevelDB
9,207320005;LevelDB
5,491465002;LevelDB
4,901605994;LevelDB
4,258648008;LevelDB
4,723987997;LevelDB
4,43224299;LevelDB
15,68934101;LevelDB
6,663994014;LevelDB
8,892030984;LevelDB
4,63736999;LevelDB
4,787001014;LevelDB
4,791570008;LevelDB
5,116742998;LevelDB
5,285867006;LevelDB
4,798229009;LevelDB
5,222118974;LevelDB
5,128049999;LevelDB
5,480688006;LevelDB
4,564494997;LevelDB
5,024894983;LevelDB
5,137987018;LevelDB
5,054908007;LevelDB
5,237417996;LevelDB
4,943908006;LevelDB
4,758932024;LevelDB
32,06997398;LevelDB
6,217450023;LevelDB
4,230147004;LevelDB
4,790321976;LevelDB
4,673538983;LevelDB
4,531683981;LevelDB
4,761543006;LevelDB
4,499285996;LevelDB
5,035910994;LevelDB
4,308342993;LevelDB
7,472553015;LevelDB
4,417697996;LevelDB
5,000874013;LevelDB
4,882090986;LevelDB
4,202519983;LevelDB
4,670512974;LevelDB
5,159079999;LevelDB
4,044555008;LevelDB
5,273165017;LevelDB
4,594893992;LevelDB
10,79114601;LevelDB
4,897922009;LevelDB
46,11022899;CouchDB
37,63782999;CouchDB
10,77728102;CouchDB
40,79995;CouchDB
26,81415501;CouchDB
9,898046017;CouchDB
18,08291599;CouchDB
10,99408498;CouchDB
22,46779603;CouchDB
9,891737998;CouchDB
15,48618501;CouchDB
36,81955102;CouchDB
15,65630201;CouchDB
9,413891017;CouchDB
16,93615201;CouchDB
20,297387;CouchDB
8,577321023;CouchDB
10,875195;CouchDB
12,09729198;CouchDB
31,46620899;CouchDB
23,65209398;CouchDB
28,12450501;CouchDB
15,905166;CouchDB
10,20354602;CouchDB
8,36334601;CouchDB
23,21446002;CouchDB
10,549422;CouchDB
19,48574799;CouchDB
8,044643998;CouchDB
11,31063798;CouchDB
19,057046;CouchDB
8,800352991;CouchDB
11,70086399;CouchDB
11,18965599;CouchDB
7,293222994;CouchDB
103,456552;CouchDB
20,20115;CouchDB
31,71004099;CouchDB
9,302242994;CouchDB
8,21172899;CouchDB
9,024783999;CouchDB
29,33338401;CouchDB
7,358900994;CouchDB
25,19016102;CouchDB
20,28034601;CouchDB
9,639485002;CouchDB
34,96637598;CouchDB
14,67530999;CouchDB
8,455632001;CouchDB
30,26346397;CouchDB
19,23937601;CouchDB
8,280487984;CouchDB
11,26614699;CouchDB
10,38407001;CouchDB
9,240486979;CouchDB
21,65723401;CouchDB
8,426544994;CouchDB
9,863999993;CouchDB
107,653541;CouchDB
9,731141001;CouchDB
11,03777599;CouchDB
19,79978698;CouchDB
21,25739899;CouchDB
8,958047003;CouchDB
9,152313024;CouchDB
9,92930001;CouchDB
24,22236601;CouchDB
11,011949;CouchDB
24,528133;CouchDB
11,76629201;CouchDB
22,36730501;CouchDB
32,81255502;CouchDB
53,107436;CouchDB
37,054068;CouchDB
25,97312802;CouchDB
21,532401;CouchDB
26,66690099;CouchDB
39,14159203;CouchDB
17,37564299;CouchDB
9,750775009;CouchDB
27,275906;CouchDB
8,271072;CouchDB
10,11402899;CouchDB
35,63207701;CouchDB
13,54415098;CouchDB
35,489133;CouchDB
8,211971998;CouchDB
6,761575997;CouchDB
36,88523;CouchDB
8,298429996;CouchDB
9,409036011;CouchDB
10,13691601;CouchDB
9,714115977;CouchDB
51,73835999;CouchDB
9,321832985;CouchDB
28,29943702;CouchDB
10,68458802;CouchDB
14,928444;CouchDB
19,32232901;CouchDB
7,783261001;CouchDB
10,78084502;CouchDB
11,275769;CouchDB
25,91305599;CouchDB
7,844960004;CouchDB
17,48411;CouchDB
17,716014;CouchDB
10,15666899;CouchDB
14,358473;CouchDB
9,489918977;CouchDB
9,026127011;CouchDB
15,81354699;CouchDB
7,961701989;CouchDB
9,862253994;CouchDB
7,15121302;CouchDB
8,240138978;CouchDB
29,99127501;CouchDB
11,873128;CouchDB
9,853881001;CouchDB
9,889634997;CouchDB
34,16687301;CouchDB
35,41301098;CouchDB
44,581076;CouchDB
34,27447701;CouchDB
17,72827101;CouchDB
21,69503698;CouchDB
9,36975202;CouchDB
8,40189299;CouchDB
6,959120989;CouchDB
8,062629998;CouchDB
13,66954601;CouchDB
10,53541699;CouchDB
7,542363971;CouchDB
6,324634999;CouchDB
7,135426998;CouchDB
8,382653981;CouchDB
10,10565299;CouchDB
6,907402992;CouchDB
7,754150003;CouchDB
7,958233982;CouchDB
10,61659598;CouchDB
10,01492998;CouchDB
10,39154899;CouchDB
9,573729992;CouchDB
49,35187399;CouchDB
9,540212989;CouchDB
42,308128;CouchDB
8,111031979;CouchDB
29,58546901;CouchDB
27,15418902;CouchDB
8,779040009;CouchDB
10,243002;CouchDB
9,347781003;CouchDB
16,47631699;CouchDB
15,923724;CouchDB
14,85890001;CouchDB
12,91918001;CouchDB
30,12930599;CouchDB
6,638381004;CouchDB
17,22402698;CouchDB
8,275775999;CouchDB
8,397632986;CouchDB
21,02968401;CouchDB
15,77016601;CouchDB
7,318007976;CouchDB
8,373950988;CouchDB
6,99931401;CouchDB
7,910561979;CouchDB
16,51858002;CouchDB
8,276683003;CouchDB
42,31395099;CouchDB
8,062581003;CouchDB
33,42326802;CouchDB
9,997942001;CouchDB
19,51910898;CouchDB
28,32425898;CouchDB
9,944759011;CouchDB
11,90416801;CouchDB
11,342397;CouchDB
10,394425;CouchDB
6,284108996;CouchDB
20,436055;CouchDB
17,54891399;CouchDB
9,662404001;CouchDB
7,253636003;CouchDB
6,143182993;CouchDB
17,049808;CouchDB
20,118186;CouchDB
12,48742902;CouchDB
6,965240002;CouchDB
7,582345009;CouchDB
14,484716;CouchDB
14,82790899;CouchDB
9,882473975;CouchDB
20,80385199;CouchDB
10,58215001;CouchDB
21,456871;CouchDB
17,83673698;CouchDB
7,36006999;CouchDB
7,794513017;CouchDB
29,85052198;CouchDB
17,34519601;CouchDB
8,937007993;CouchDB
20,35002899;CouchDB
7,710280001;CouchDB
7,693935007;CouchDB
6,664566994;CouchDB
9,843527019;CouchDB
7,994750977;CouchDB
22,66453999;CouchDB
6,801146001;CouchDB
19,67715698;CouchDB
9,980273008;CouchDB
9,030613005;CouchDB
8,228976995;CouchDB
13,18553901;CouchDB
20,419595;CouchDB
8,656809002;CouchDB
39,04472101;CouchDB
16,55218598;CouchDB
8,95342198;CouchDB
8,114297003;CouchDB
16,17445999;CouchDB
6,974954009;CouchDB
8,537151009;CouchDB
15,42142701;CouchDB
10,416958;CouchDB
14,428451;CouchDB
16,48866099;CouchDB
8,353206992;CouchDB
7,830368996;CouchDB
7,47496599;CouchDB
22,730784;CouchDB
10,54500797;CouchDB
19,08274803;CouchDB
9,141438007;CouchDB
24,52463701;CouchDB
18,05875698;CouchDB
24,532574;CouchDB
25,760111;CouchDB
17,75904399;CouchDB
35,44102001;CouchDB
61,30342701;CouchDB
8,792618006;CouchDB
12,73779202;CouchDB
22,25081399;CouchDB
10,35110399;CouchDB
9,335990995;CouchDB
8,215011001;CouchDB
9,249336988;CouchDB
7,431071997;CouchDB
32,08901799;CouchDB
9,62897101;CouchDB
9,246013016;CouchDB
10,611642;CouchDB
8,057580978;CouchDB
10,23012301;CouchDB
8,814648002;CouchDB
7,683207989;CouchDB
15,41462299;CouchDB
9,466260999;CouchDB
8,188749999;CouchDB
8,385825008;CouchDB
13,165764;CouchDB
18,05588001;CouchDB
7,826600999;CouchDB
25,99674299;CouchDB
7,403935015;CouchDB
8,221344978;CouchDB
13,12996;CouchDB
44,10107201;CouchDB
8,014106005;CouchDB
9,37687999;CouchDB
9,772243023;CouchDB
13,04204398;CouchDB
29,14109698;CouchDB
9,028120995;CouchDB
8,000057012;CouchDB
12,85902798;CouchDB
22,56752202;CouchDB
8,077748001;CouchDB
6,754086018;CouchDB
10,855562;CouchDB
5,968910009;CouchDB
9,719770014;CouchDB
6,339636981;CouchDB
7,001362026;CouchDB
27,86874902;CouchDB
33,875826;CouchDB
8,077822;CouchDB
31,45877102;CouchDB
19,091739;CouchDB
8,338364005;CouchDB
8,266507;CouchDB
10,85677502;CouchDB
18,658012;CouchDB
7,726590008;CouchDB
6,630082995;CouchDB
7,592094004;CouchDB
6,63488698;CouchDB
9,979146004;CouchDB
12,91700602;CouchDB
8,094920993;CouchDB
11,960435;CouchDB
22,978717;CouchDB
10,10837802;CouchDB
9,456399977;CouchDB
8,352262974;CouchDB
9,007382005;CouchDB
6,230829;CouchDB
9,437859982;CouchDB
7,277589977;CouchDB
16,80399001;CouchDB
7,630026996;CouchDB
26,95018899;CouchDB
9,129550993;CouchDB
7,096559018;CouchDB
7,661656976;CouchDB
21,28929901;CouchDB
7,515756994;CouchDB
7,827643007;CouchDB
6,972833991;CouchDB
6,134532988;CouchDB
7,676344007;CouchDB
7,66168499;CouchDB
11,291114;CouchDB
8,607694;CouchDB
7,774406999;CouchDB
6,761397988;CouchDB
19,97276899;CouchDB
6,443452984;CouchDB
8,766247004;CouchDB
17,70337498;CouchDB
19,03515399;CouchDB
8,633424014;CouchDB
9,223756015;CouchDB
17,36431301;CouchDB
13,91623801;CouchDB
24,06175801;CouchDB
7,756159008;CouchDB
8,820528001;CouchDB
22,11273599;CouchDB
12,78725502;CouchDB
17,80669501;CouchDB
52,13772199;CouchDB
7,509599;CouchDB
21,32044598;CouchDB
8,224510998;CouchDB
6,282595009;CouchDB
7,86065498;CouchDB
9,596688986;CouchDB
7,152471006;CouchDB
8,896786004;CouchDB
8,096154004;CouchDB
11,21340302;CouchDB
8,852252007;CouchDB
10,33184502;CouchDB
9,255787015;CouchDB
56,26060101;CouchDB
10,19346502;CouchDB
17,046406;CouchDB
6,265191019;CouchDB
20,425248;CouchDB
7,295911014;CouchDB
10,443887;CouchDB
15,841663;CouchDB
9,016432017;CouchDB
8,320244998;CouchDB
16,19452101;CouchDB
9,976271003;CouchDB
18,96986601;CouchDB
10,30818;CouchDB
19,53086701;CouchDB
7,98318699;CouchDB
24,83839798;CouchDB
10,68143499;CouchDB
19,66706902;CouchDB
7,708338022;CouchDB
12,83387402;CouchDB
10,40089598;CouchDB
29,81166899;CouchDB
8,674376994;CouchDB
15,55384499;CouchDB
11,36551398;CouchDB
7,772482008;CouchDB
23,67637098;CouchDB
19,63555601;CouchDB
6,570909023;CouchDB
7,684684992;CouchDB
8,693455994;CouchDB
11,665108;CouchDB
7,334939986;CouchDB
21,69181898;CouchDB
7,820973992;CouchDB
7,528251976;CouchDB
7,446426004;CouchDB
7,926948011;CouchDB
13,61106002;CouchDB
13,076473;CouchDB
21,96877101;CouchDB
8,10196799;CouchDB
30,895816;CouchDB
8,381968021;CouchDB
14,04203099;CouchDB
9,925857991;CouchDB
39,113076;CouchDB
8,532881021;CouchDB
22,08774102;CouchDB
7,971561015;CouchDB
8,814037979;CouchDB
25,449545;CouchDB
8,364423007;CouchDB
15,87773702;CouchDB
8,107353002;CouchDB
7,83147198;CouchDB
8,701842993;CouchDB
7,313906997;CouchDB
9,482167006;CouchDB
10,29489601;CouchDB
8,075782001;CouchDB
7,469086021;CouchDB
17,36000901;CouchDB
18,50333801;CouchDB
10,83158001;CouchDB
10,754123;CouchDB
9,153914988;CouchDB
19,48699099;CouchDB
20,96057901;CouchDB
6,396519989;CouchDB
70,69842198;CouchDB
6,326584995;CouchDB
11,74366102;CouchDB
10,32609698;CouchDB
25,242948;CouchDB
18,13799101;CouchDB
10,37105998;CouchDB
10,84291199;CouchDB
17,90343899;CouchDB
8,091978997;CouchDB
6,399895996;CouchDB
11,20131698;CouchDB
20,73043802;CouchDB
14,98392498;CouchDB
32,54677799;CouchDB
10,626894;CouchDB
7,322007;CouchDB
49,19524601;CouchDB
16,90254202;CouchDB
6,872987986;CouchDB
7,361811012;CouchDB
35,53209001;CouchDB
7,493009001;CouchDB
29,47003999;CouchDB
41,58889002;CouchDB
8,072955996;CouchDB
10,759083;CouchDB
17,684156;CouchDB
8,925569981;CouchDB
34,54560101;CouchDB
7,174461991;CouchDB
7,183146;CouchDB
8,917916;CouchDB
16,932145;CouchDB
7,426245004;CouchDB
8,18424201;CouchDB
7,630012006;CouchDB
6,641151994;CouchDB
18,859779;CouchDB
13,253995;CouchDB
9,025065988;CouchDB
19,21919298;CouchDB
6,814361006;CouchDB
17,40086201;CouchDB
21,13928401;CouchDB
22,75956002;CouchDB
13,28975201;CouchDB
16,92948699;CouchDB
18,05725199;CouchDB
30,726787;CouchDB
7,602185994;CouchDB
18,51410002;CouchDB
10,34820899;CouchDB
21,96708;CouchDB
9,047325015;CouchDB
43,840197;CouchDB
7,243896991;CouchDB
13,89738899;CouchDB
10,420773;CouchDB
7,331310004;CouchDB
7,233730018;CouchDB
6,137111992;CouchDB
9,673260003;CouchDB
10,27731502;CouchDB
8,305151016;CouchDB
9,975221008;CouchDB
7,251216024;CouchDB
9,970050991;CouchDB
17,88925901;CouchDB
16,96885902;CouchDB
9,713453978;CouchDB
9,148754001;CouchDB
6,133166015;CouchDB
8,945274979;CouchDB
9,397056997;CouchDB
10,34434101;CouchDB
26,73073903;CouchDB
18,793531;CouchDB
24,19504499;CouchDB
24,55216601;CouchDB
20,78532201;CouchDB
10,18283501;CouchDB
6,598419011;CouchDB
20,60279697;CouchDB
16,29781502;CouchDB
15,551671;CouchDB
6,112810016;CouchDB
7,154986978;CouchDB
7,572755992;CouchDB
23,83925501;CouchDB
9,078495979;CouchDB
7,415417999;CouchDB
10,07871997;CouchDB
8,056754977;CouchDB
6,562367022;CouchDB
14,647237;CouchDB
14,35384598;CouchDB
6,858170003;CouchDB
35,57341102;CouchDB
22,823322;CouchDB
8,441411018;CouchDB
21,452995;CouchDB
8,182712018;CouchDB
6,860956997;CouchDB
15,708599;CouchDB
10,82266399;CouchDB
11,06551498;CouchDB
8,163881004;CouchDB
6,784280986;CouchDB
7,477255017;CouchDB
6,860545009;CouchDB
9,650251985;CouchDB
6,676910996;CouchDB
12,15056002;CouchDB
10,90528399;CouchDB
15,03681201;CouchDB
7,212623;CouchDB
11,03011897;CouchDB
26,255173;CouchDB
7,945789993;CouchDB
34,24346;CouchDB
10,60928801;CouchDB
9,37421599;CouchDB
9,668442994;CouchDB
12,949379;CouchDB
22,83524299;CouchDB
6,581919998;CouchDB
6,458072007;CouchDB
13,33667198;CouchDB
8,22727102;CouchDB
16,15319601;CouchDB
6,672320008;CouchDB
9,373590022;CouchDB
8,42504099;CouchDB
8,99227798;CouchDB
18,47104102;CouchDB
9,513698995;CouchDB
7,083072007;CouchDB
16,86275801;CouchDB
6,257488996;CouchDB
9,761050999;CouchDB
10,29894599;CouchDB
8,464715004;CouchDB
9,050484002;CouchDB
24,22142899;CouchDB
9,765433997;CouchDB
8,174360007;CouchDB
14,08391201;CouchDB
8,420648009;CouchDB
19,59924498;CouchDB
7,375312001;CouchDB
6,747070014;CouchDB
19,540977;CouchDB
8,052423;CouchDB
7,842707008;CouchDB
9,112388998;CouchDB
6,418029994;CouchDB
24,05714801;CouchDB
9,362558007;CouchDB
6,66269502;CouchDB
8,831221998;CouchDB
8,558216006;CouchDB
7,331427991;CouchDB
8,123317987;CouchDB
10,43948698;CouchDB
8,55498898;CouchDB
20,41195801;CouchDB
28,23153999;CouchDB
17,58808902;CouchDB
8,883785009;CouchDB
10,335058;CouchDB
10,45162001;CouchDB
18,77750298;CouchDB
21,888843;CouchDB
7,446343988;CouchDB
11,249928;CouchDB
6,36530298;CouchDB
5,858007997;CouchDB
11,491487;CouchDB
6,769387007;CouchDB
7,93929401;CouchDB
12,358863;CouchDB
63,94268501;CouchDB
22,757624;CouchDB
7,071149021;CouchDB
7,424497008;CouchDB
25,72005001;CouchDB
9,196197987;CouchDB
23,410983;CouchDB
7,301461995;CouchDB
29,030783;CouchDB
9,53214699;CouchDB
9,071040988;CouchDB
10,96123701;CouchDB
6,876855999;CouchDB
15,43834302;CouchDB
10,772421;CouchDB
69,42083701;CouchDB
8,533322006;CouchDB
8,238251984;CouchDB
10,48927;CouchDB
6,881074011;CouchDB
24,94519898;CouchDB
22,194125;CouchDB
28,23439902;CouchDB
9,172344983;CouchDB
23,856659;CouchDB
25,41667101;CouchDB
21,117443;CouchDB
42,82870302;CouchDB
8,694939017;CouchDB
18,40716898;CouchDB
10,89285198;CouchDB
7,732207;CouchDB
20,50682601;CouchDB
31,91144899;CouchDB
14,38635302;CouchDB
9,697549999;CouchDB
19,22844702;CouchDB
10,39209899;CouchDB
10,06629202;CouchDB
20,091474;CouchDB
19,12643498;CouchDB
7,809947014;CouchDB
7,71893099;CouchDB
17,195261;CouchDB
17,11716899;CouchDB
13,470433;CouchDB
6,696702003;CouchDB
9,231487989;CouchDB
11,07164499;CouchDB
11,50261;CouchDB
18,29877001;CouchDB
14,879197;CouchDB
10,28328201;CouchDB
30,07011199;CouchDB
8,840666026;CouchDB
30,044148;CouchDB
19,39778998;CouchDB
25,123961;CouchDB
9,632194996;CouchDB
39,86940998;CouchDB
11,68904799;CouchDB
6,867768019;CouchDB
9,081988007;CouchDB
28,23155001;CouchDB
17,930536;CouchDB
7,827646017;CouchDB
10,18520299;CouchDB
19,55294701;CouchDB
15,33885401;CouchDB
31,406744;CouchDB
13,73832199;CouchDB
7,807891011;CouchDB
8,541367978;CouchDB
21,165948;CouchDB
16,915263;CouchDB
9,843085021;CouchDB
30,407976;CouchDB
10,086427;CouchDB
35,46782899;CouchDB
15,47123501;CouchDB
9,10206601;CouchDB
16,80770001;CouchDB
9,299353987;CouchDB
8,142591;CouchDB
19,99895;CouchDB
10,15937701;CouchDB
25,87704203;CouchDB
23,90386298;CouchDB
6,81913802;CouchDB
6,633896977;CouchDB
20,616413;CouchDB
8,765243024;CouchDB
18,13984102;CouchDB
17,85245898;CouchDB
21,18931898;CouchDB
10,59423497;CouchDB
11,20659599;CouchDB
9,053054988;CouchDB
9,120142013;CouchDB
10,718007;CouchDB
14,10091901;CouchDB
21,42576599;CouchDB
36,811459;CouchDB
9,367008984;CouchDB
6,642059982;CouchDB
11,280505;CouchDB
10,664904;CouchDB
47,641637;CouchDB
8,884057015;CouchDB
9,407700002;CouchDB
8,665874004;CouchDB
32,310213;CouchDB
10,04081199;CouchDB
6,975869;CouchDB
16,09190899;CouchDB
14,54445902;CouchDB
21,301424;CouchDB
9,444077998;CouchDB
22,171646;CouchDB
27,60803002;CouchDB
7,470348984;CouchDB
10,153025;CouchDB
28,360681;CouchDB
6,677073002;CouchDB
8,791194022;CouchDB
12,55500999;CouchDB
25,264907;CouchDB
6,414573997;CouchDB
8,599866003;CouchDB
89,905624;CouchDB
8,326027989;CouchDB
80,317067;CouchDB
20,751578;CouchDB
8,778557003;CouchDB
14,938357;CouchDB
25,77840802;CouchDB
8,131036013;CouchDB
9,767991006;CouchDB
8,158394992;CouchDB
8,976022005;CouchDB
10,21827799;CouchDB
29,08971298;CouchDB
8,232659996;CouchDB
24,32803699;CouchDB
16,73660702;CouchDB
9,559645981;CouchDB
7,899545014;CouchDB
8,54727599;CouchDB
9,143259019;CouchDB
10,687994;CouchDB
8,474312007;CouchDB
11,26100102;CouchDB
41,78595999;CouchDB
26,76761901;CouchDB
16,52710402;CouchDB
8,615509987;CouchDB
9,502711982;CouchDB
17,181945;CouchDB
16,83942199;CouchDB
32,902693;CouchDB
11,292941;CouchDB
6,676167995;CouchDB
11,03603899;CouchDB
7,642205;CouchDB
9,095095992;CouchDB
11,55713898;CouchDB
7,728659004;CouchDB
17,341095;CouchDB
32,654199;CouchDB
30,185799;CouchDB
25,80152699;CouchDB
8,655087024;CouchDB
21,63902301;CouchDB
9,442752004;CouchDB
16,22199899;CouchDB
7,99505201;CouchDB
9,802320004;CouchDB
9,942084014;CouchDB
7,757331997;CouchDB
19,86715198;CouchDB
9,175448;CouchDB
16,19885698;CouchDB
26,93327999;CouchDB
19,11975202;CouchDB
41,53333598;CouchDB
15,840359;CouchDB
9,335227996;CouchDB
10,246889;CouchDB
21,76687598;CouchDB
7,793803006;CouchDB
7,147071987;CouchDB
28,03171599;CouchDB
9,412848979;CouchDB
8,202495009;CouchDB
16,273884;CouchDB
19,68141401;CouchDB
6,677585006;CouchDB
20,21499899;CouchDB
8,227708995;CouchDB
7,857478023;CouchDB
7,628029019;CouchDB
17,650812;CouchDB
24,294974;CouchDB
8,134813994;CouchDB
10,32562;CouchDB
7,117098004;CouchDB
6,427370995;CouchDB
17,84080002;CouchDB
21,896698;CouchDB
20,36671001;CouchDB
7,674041986;CouchDB
10,23515299;CouchDB
10,536443;CouchDB
10,08077502;CouchDB
10,41337302;CouchDB
6,553640991;CouchDB
7,940908998;CouchDB
22,23993301;CouchDB
6,358877003;CouchDB
17,160144;CouchDB
16,07461998;CouchDB
8,208425999;CouchDB
6,757575989;CouchDB
9,189065993;CouchDB
16,22691903;CouchDB
7,178173006;CouchDB
27,61966199;CouchDB
25,51490203;CouchDB
9,29066202;CouchDB
10,724709;CouchDB
16,928601;CouchDB
25,30619299;CouchDB
9,652289003;CouchDB
8,909090996;CouchDB
16,333446;CouchDB
16,78924;CouchDB
10,452939;CouchDB
8,157370001;CouchDB
10,956819;CouchDB
9,584733009;CouchDB
27,799622;CouchDB
9,199532986;CouchDB
7,564845979;CouchDB
6,92435801;CouchDB
9,110130996;CouchDB
6,637790978;CouchDB
30,19663399;CouchDB
7,414939016;CouchDB
16,465693;CouchDB
8,110644013;CouchDB
6,913790017;CouchDB
18,77621198;CouchDB
32,35820001;CouchDB
19,34108001;CouchDB
15,415252;CouchDB
17,46804699;CouchDB
30,12293601;CouchDB
28,90876302;CouchDB
11,24641401;CouchDB
11,701877;CouchDB
8,737433016;CouchDB
10,534403;CouchDB
32,22098899;CouchDB
10,27868801;CouchDB
25,89170301;CouchDB
55,67009598;CouchDB
10,282579;CouchDB
6,709652007;CouchDB
9,055661023;CouchDB
44,83813798;CouchDB
9,018018991;CouchDB
9,519743025;CouchDB
8,505874008;CouchDB
7,535374999;CouchDB
7,821536988;CouchDB
13,43114999;CouchDB
7,362599999;CouchDB
29,58653101;CouchDB
28,279854;CouchDB
24,00961101;CouchDB
14,57351202;CouchDB
9,983292013;CouchDB
7,804965019;CouchDB
7,534808993;CouchDB
11,52805099;CouchDB
10,15470201;CouchDB
15,583902;CouchDB
9,81538102;CouchDB
20,83458102;CouchDB
7,384476006;CouchDB
9,753168017;CouchDB
7,698152989;CouchDB
9,738612026;CouchDB
6,243307978;CouchDB
7,501275003;CouchDB
36,45579699;CouchDB
28,46452799;CouchDB
8,031364024;CouchDB
9,315292984;CouchDB
8,98634401;CouchDB
6,739886999;CouchDB
7,055516988;CouchDB
6,080471009;CouchDB
23,71098298;CouchDB
6,700724006;CouchDB
13,24393299;CouchDB
6,274298996;CouchDB
7,283314019;CouchDB
7,967812002;CouchDB
8,790351003;CouchDB
6,77411902;CouchDB
8,353181005;CouchDB
37,683209;CouchDB
7,756033987;CouchDB
10,17596999;CouchDB
6,751482993;CouchDB
7,201233;CouchDB
8,487476021;CouchDB
19,76460999;CouchDB
9,362823993;CouchDB
9,662809998;CouchDB
18,68171102;CouchDB
7,462990999;CouchDB
16,247024;CouchDB
17,67866802;CouchDB
7,848259002;CouchDB
28,308384;CouchDB
20,86919099;CouchDB
16,19980898;CouchDB
20,71435001;CouchDB
24,15870699;CouchDB
15,98993298;CouchDB
9,788333982;CouchDB
7,81892699;CouchDB
15,80551103;CouchDB
6,545509994;CouchDB
7,193103015;CouchDB
10,52315497;CouchDB
16,503104;CouchDB
27,253474;CouchDB
7,738838017;CouchDB
22,77223098;CouchDB
8,552011997;CouchDB
33,83996898;CouchDB
7,547733009;CouchDB
7,417333007;CouchDB
7,446274012;CouchDB
11,075394;CouchDB
14,38596898;CouchDB
20,15804902;CouchDB
9,956678003;CouchDB
19,390558;CouchDB
5,802040994;CouchDB
8,230520993;CouchDB
11,17530999;CouchDB
7,592238992;CouchDB
23,092666;CouchDB
6,850602001;CouchDB
7,294759005;CouchDB
6,769060999;CouchDB
10,32823101;CouchDB
7,988399982;CouchDB
19,508636;CouchDB
6,662463993;CouchDB
18,16877699;CouchDB
10,07644001;CouchDB
7,706635982;CouchDB
6,954825014;CouchDB
15,40698102;CouchDB
7,75691101;CouchDB
11,65964198;CouchDB
7,151555985;CouchDB
8,740689009;CouchDB
7,929658979;CouchDB
6,666871011;CouchDB
20,20922297;CouchDB
9,253502995;CouchDB
20,13198;CouchDB
7,564470977;CouchDB
9,092344999;CouchDB
7,457488;CouchDB
7,098760992;CouchDB
6,443857998;CouchDB
6,745545983;CouchDB
10,58061299;CouchDB
6,884027988;CouchDB
13,837767;CouchDB
9,078577995;CouchDB
8,336443007;CouchDB
